provincia,localidad,departamento,fuente
BUENOS AIRES,17 DE AGOSTO,Puán,georef
BUENOS AIRES,25 DE MAYO,25 de Mayo,georef
BUENOS AIRES,3 DE FEBRERO,Tres de Febrero,georef
BUENOS AIRES,30 DE AGOSTO,Trenque Lauquen,georef
BUENOS AIRES,9 DE ABRIL,Esteban Echeverría,georef
BUENOS AIRES,9 DE JULIO,9 de Julio,georef
BUENOS AIRES,ABASTO,La Plata,georef
BUENOS AIRES,ACASSUSO,San Isidro,georef
BUENOS AIRES,ACEVEDO,Pergamino,georef
BUENOS AIRES,ADOLFO GONZALEZ CHAVEZ,Adolfo Gonzales Chaves,georef
BUENOS AIRES,ADROGUE,Almirante Brown,georef
BUENOS AIRES,AGUSTIN FERRARI,Merlo,manual
BUENOS AIRES,AGUSTIN ROCA,Junín,georef
BUENOS AIRES,ALBERDI,Leandro N. Alem,georef
BUENOS AIRES,ALBERTI,Alberti,georef
BUENOS AIRES,ALDO BONZI,La Matanza,georef
BUENOS AIRES,ALEJANDRO KORN,San Vicente,georef
BUENOS AIRES,ALEM,Leandro N. Alem,georef
BUENOS AIRES,ALFONZO,Pergamino,georef
BUENOS AIRES,ALGARROBO,Carlos Tejedor,georef
BUENOS AIRES,AMEGHINO,Florentino Ameghino,georef
BUENOS AIRES,AMERICA,Rivadavia,georef
BUENOS AIRES,ARENAZA,Lincoln,georef
BUENOS AIRES,ARRECIFES,Arrecifes,georef
BUENOS AIRES,ARRIBEÑOS,General Arenales,georef
BUENOS AIRES,ARROYO DULCE,Salto,georef
BUENOS AIRES,ASCENSION,General Arenales,georef
BUENOS AIRES,AVELLANEDA,Avellaneda,georef
BUENOS AIRES,AYACUCHO,Ayacucho,georef
BUENOS AIRES,AZOPARDO,Puán,georef
BUENOS AIRES,AZUL,Azul,georef
BUENOS AIRES,BAHIA BLANCA,Bahía Blanca,georef
BUENOS AIRES,BALCARCE,Balcarce,georef
BUENOS AIRES,BANCALARI,Tigre,manual
BUENOS AIRES,BANDERALO,General Villegas,georef
BUENOS AIRES,BANFIELD,Lomas de Zamora,georef
BUENOS AIRES,BARADERO,Baradero,georef
BUENOS AIRES,BECCAR,San Isidro,georef
BUENOS AIRES,BELLA VISTA,San Miguel,georef
BUENOS AIRES,BENAVIDEZ,Tigre,georef
BUENOS AIRES,BENITO JUAREZ,Benito Juárez,georef
BUENOS AIRES,BERAZATEGUI,Berazategui,georef
BUENOS AIRES,BERISSO,Berisso,georef
BUENOS AIRES,BERNAL,Quilmes,georef
BUENOS AIRES,BILLINGHURTS,General San Martín,georef
BUENOS AIRES,BOLIVAR,Bolívar,georef
BUENOS AIRES,BONIFACIO,Guaminí,manual
BUENOS AIRES,BORDENAVE,Puán,georef
BUENOS AIRES,BOSQUES,Florencio Varela,georef
BUENOS AIRES,BOULOGNE,San Isidro,georef
BUENOS AIRES,BRAGADO,Bragado,georef
BUENOS AIRES,BRANDSEN,Brandsen,georef
BUENOS AIRES,BURZACO,Almirante Brown,georef
BUENOS AIRES,CABILDO,Bahía Blanca,georef
BUENOS AIRES,CACHARI,Azul,georef
BUENOS AIRES,CAMPANA,Campana,georef
BUENOS AIRES,CANNING,Esteban Echeverría,georef
BUENOS AIRES,CAPILLA DEL SEÑOR,Exaltación de la Cruz,georef
BUENOS AIRES,CAPITAN SARMIENTO,Capitán Sarmiento,georef
BUENOS AIRES,CARABELAS,Rojas,georef
BUENOS AIRES,CARHUE,Adolfo Alsina,georef
BUENOS AIRES,CARLOS CASARES,Carlos Casares,georef
BUENOS AIRES,CARLOS TEJEDOR,Carlos Tejedor,georef
BUENOS AIRES,CARMEN DE ARECO,Carmen de Areco,georef
BUENOS AIRES,CARMEN DE PATAGONES,Patagones,georef
BUENOS AIRES,CASBAS,Guaminí,georef
BUENOS AIRES,CASEROS,Tres de Febrero,georef
BUENOS AIRES,CASTELAR,Morón,georef
BUENOS AIRES,CASTELLI,Castelli,georef
BUENOS AIRES,CAÑUELAS,Cañuelas,georef
BUENOS AIRES,CHACABUCO,Chacabuco,georef
BUENOS AIRES,CHARLONE,General Villegas,georef
BUENOS AIRES,CHASCOMUS,Chascomús,georef
BUENOS AIRES,CHILLAR,Azul,georef
BUENOS AIRES,CHIVILCOY,Chivilcoy,georef
BUENOS AIRES,CITY BELL,La Plata,georef
BUENOS AIRES,CIUDADELA,Tres de Febrero,georef
BUENOS AIRES,CLAROMECO,Tres Arroyos,georef
BUENOS AIRES,CLAYPOLE,Almirante Brown,georef
BUENOS AIRES,CNEL. BRANDSEN,Brandsen,georef
BUENOS AIRES,CNEL. DORREGO,Coronel Dorrego,georef
BUENOS AIRES,CNEL. GRANADA,General Pinto,georef
BUENOS AIRES,CNEL. PRINGLES,Coronel Pringles,georef
BUENOS AIRES,CNEL. SUAREZ,Coronel Suárez,georef
BUENOS AIRES,CNEL. VIDAL,Mar Chiquita,georef
BUENOS AIRES,COLON,Colón,georef
BUENOS AIRES,COMODORO PY,Bragado,georef
BUENOS AIRES,COPETONAS,Tres Arroyos,georef
BUENOS AIRES,DAIREAUX,Daireaux,georef
BUENOS AIRES,DARREGUEIRA,Puán,georef
BUENOS AIRES,DE LA GARMA,Adolfo Gonzales Chaves,georef
BUENOS AIRES,DEL CARRIL,Saladillo,georef
BUENOS AIRES,DEL VISO,José C. Paz,georef
BUENOS AIRES,DERQUI,Pilar,georef
BUENOS AIRES,DOCK SUD,Avellaneda,georef
BUENOS AIRES,DOLORES,Dolores,georef
BUENOS AIRES,DOMSELAAR,San Vicente,georef
BUENOS AIRES,DON BOSCO,Quilmes,georef
BUENOS AIRES,DON TORCUATO,Tigre,georef
BUENOS AIRES,DUDIGNAC,9 de Julio,georef
BUENOS AIRES,E. ECHEVERRIA,Esteban Echeverría,georef
BUENOS AIRES,EL PALOMAR,Morón,georef
BUENOS AIRES,EL SOCORRO,Pergamino,georef
BUENOS AIRES,EL TALAR,Tigre,georef
BUENOS AIRES,EL TALAR DE PACHECO,San Pedro,georef
BUENOS AIRES,EL TRIUNFO,Lincoln,georef
BUENOS AIRES,ENSENADA,Ensenada,georef
BUENOS AIRES,ERNESTINA,25 de Mayo,georef
BUENOS AIRES,ESCOBAR,Escobar,georef
BUENOS AIRES,ESPARTILLAR,Adolfo Alsina,georef
BUENOS AIRES,EXALTACION DE LA CRUZ,Exaltación de la Cruz,correccion
BUENOS AIRES,EZEIZA,Ezeiza,georef
BUENOS AIRES,EZPELETA,Quilmes,georef
BUENOS AIRES,FERNANDEZ,Necochea,georef
BUENOS AIRES,FERRE,General Arenales,georef
BUENOS AIRES,FLORENCIO VARELA,Florencio Varela,georef
BUENOS AIRES,FLORENTINO AMEGHINO,Florentino Ameghino,georef
BUENOS AIRES,FLORIDA,Vicente López,georef
BUENOS AIRES,FORTÍN TIBURSIO,Junín,georef
BUENOS AIRES,FRANCISCO MADERO,Pehuajó,georef
BUENOS AIRES,G. LAFERRERE,La Matanza,manual
BUENOS AIRES,GARIN,Escobar,georef
BUENOS AIRES,GDOR. CASTRO,San Pedro,georef
BUENOS AIRES,GERLI,Avellaneda,georef
BUENOS AIRES,GLEW,Almirante Brown,georef
BUENOS AIRES,GONZALEZ CATAN,La Matanza,georef
BUENOS AIRES,GONZALEZ MORENO,Rivadavia,georef
BUENOS AIRES,GORCHS,General Belgrano,georef
BUENOS AIRES,GRAL. ALVEAR,General Alvear,georef
BUENOS AIRES,GRAL. ARENALES,General Arenales,georef
BUENOS AIRES,GRAL. BELGRANO,General Belgrano,georef
BUENOS AIRES,GRAL. CONESA,Tordillo,georef
BUENOS AIRES,GRAL. LA MADRID,General La Madrid,georef
BUENOS AIRES,GRAL. LAS HERAS,General Las Heras,georef
BUENOS AIRES,GRAL. LAVALLE,General Lavalle,georef
BUENOS AIRES,GRAL. MADARIAGA,General Juan Madariaga,georef
BUENOS AIRES,GRAL. MANSILLA,Magdalena,georef
BUENOS AIRES,GRAL. PACHECO,Tigre,georef
BUENOS AIRES,GRAL. PINTO,General Pinto,georef
BUENOS AIRES,GRAL. PIRAN,Mar Chiquita,georef
BUENOS AIRES,GRAL. RODRIGUEZ,General Rodríguez,georef
BUENOS AIRES,GRAL. ROJO,San Nicolás,georef
BUENOS AIRES,GRAL. VIAMONTE,General Viamonte,manual
BUENOS AIRES,GRAL. VILLEGAS,General Villegas,georef
BUENOS AIRES,GRAND BOURG,Malvinas Argentinas,georef
BUENOS AIRES,GREGORIO DE LA FERRERE,La Matanza,manual
BUENOS AIRES,GUAMINI,Guaminí,georef
BUENOS AIRES,GUERNICA,Presidente Perón,georef
BUENOS AIRES,H. ASCASUBI,Villarino,georef
BUENOS AIRES,HAEDO,Morón,georef
BUENOS AIRES,HENDERSON,Hipólito Yrigoyen,georef
BUENOS AIRES,HINOJO,Olavarría,georef
BUENOS AIRES,HUANGUELEN,Coronel Suárez,georef
BUENOS AIRES,HUDSON,Berazategui,georef
BUENOS AIRES,HURLINGHAM,Hurlingham,georef
BUENOS AIRES,INES INDART,Salto,georef
BUENOS AIRES,ING. MASCHWITZ,Escobar,manual
BUENOS AIRES,ING. WHITE,Bahía Blanca,manual
BUENOS AIRES,INGENIERO BUDGE,Lomas de Zamora,manual
BUENOS AIRES,IRIARTE,General Pinto,georef
BUENOS AIRES,IRINEO PORTELA,Baradero,georef
BUENOS AIRES,ISIDRO CASANOVA,La Matanza,georef
BUENOS AIRES,ISLA SAN FERNANDO,San Fernando,manual
BUENOS AIRES,ITUZAINGO,Ituzaingó,georef
BUENOS AIRES,JAUREGUI,Luján,correccion
BUENOS AIRES,JOSE C. PAZ,José C. Paz,georef
BUENOS AIRES,JOSE HERNANDEZ,La Plata,georef
BUENOS AIRES,JOSE INGENIEROS,Tres de Febrero,georef
BUENOS AIRES,JOSE LEON SUAREZ,General San Martín,georef
BUENOS AIRES,JUAN A PRADERE,Patagones,georef
BUENOS AIRES,JUAN COUSTE,Villarino,georef
BUENOS AIRES,JUAN JOSE PASO,Pehuajó,georef
BUENOS AIRES,JUNIN,Junín,georef
BUENOS AIRES,L.N. ALEM,Leandro N. Alem,georef
BUENOS AIRES,LA DULCE,Salto,georef
BUENOS AIRES,LA EMILIA,San Nicolás,georef
BUENOS AIRES,LA LUCILA,Vicente López,georef
BUENOS AIRES,LA MATANZA,La Matanza,georef
BUENOS AIRES,LA NIÑA,9 de Julio,correccion
BUENOS AIRES,LA PLATA,La Plata,georef
BUENOS AIRES,LA REJA,Moreno,georef
BUENOS AIRES,LA TABLADA,La Matanza,georef
BUENOS AIRES,LAFERRERE,La Matanza,georef
BUENOS AIRES,LANUS,Lanús,georef
BUENOS AIRES,LAPRIDA,Laprida,georef
BUENOS AIRES,LAS ARMAS,Maipú,georef
BUENOS AIRES,LAS FLORES,Las Flores,georef
BUENOS AIRES,LAS TONINAS,La Costa,georef
BUENOS AIRES,LAS TOSCAS,Lincoln,georef
BUENOS AIRES,LAS VIOLETAS,Pergamino,georef
BUENOS AIRES,LEZAMA,Lezama,georef
BUENOS AIRES,LIBERTAD,Merlo,georef
BUENOS AIRES,LIMA,Zárate,georef
BUENOS AIRES,LINCOLN,Lincoln,georef
BUENOS AIRES,LISANDRO OLMOS,La Plata,georef
BUENOS AIRES,LLAVALLOL,Lomas de Zamora,georef
BUENOS AIRES,LOBERIA,Lobería,georef
BUENOS AIRES,LOBOS,Lobos,georef
BUENOS AIRES,LOMA HERMOSA,Tres de Febrero,georef
BUENOS AIRES,LOMA VERDE,Escobar,georef
BUENOS AIRES,LOMAS DE ZAMORA,Lomas de Zamora,georef
BUENOS AIRES,LOMAS DEL MIRADOR,La Matanza,georef
BUENOS AIRES,LONGCHAMPS,Almirante Brown,georef
BUENOS AIRES,LOPEZ ARIAS,San Nicolás,correccion
BUENOS AIRES,LOS CARDALES,Exaltación de la Cruz,correccion
BUENOS AIRES,LOS INDIOS,Rojas,georef
BUENOS AIRES,LOS POLVORINES,Malvinas Argentinas,georef
BUENOS AIRES,LOS TOLDOS,General Viamonte,georef
BUENOS AIRES,LUIS GUILLON,Esteban Echeverría,georef
BUENOS AIRES,LUJAN,Luján,georef
BUENOS AIRES,MAGDALENA,Magdalena,georef
BUENOS AIRES,MAIPU,Maipú,georef
BUENOS AIRES,MALVINAS ARGENTINAS,Malvinas Argentinas,correccion
BUENOS AIRES,MANUEL B. GONNET,La Plata,georef
BUENOS AIRES,MAQUINISTA SAVIO,Escobar,georef
BUENOS AIRES,MAR CHIQUITA,Mar Chiquita,georef
BUENOS AIRES,MAR DE AJO,La Costa,georef
BUENOS AIRES,MAR DEL PLATA,General Pueyrredón,georef
BUENOS AIRES,MAR DEL TUYU,La Costa,georef
BUENOS AIRES,MARCOS PAZ,Marcos Paz,georef
BUENOS AIRES,MARCPOS PAZ,Marcos Paz,georef
BUENOS AIRES,MARIA IGNACIA,Tandil,georef
BUENOS AIRES,MARIANO ACOSTA,Merlo,georef
BUENOS AIRES,MARTIN CORONADO,Tres de Febrero,georef
BUENOS AIRES,MARTINEZ,San Isidro,georef
BUENOS AIRES,MARTINEZ DE HOZ,Lincoln,georef
BUENOS AIRES,MATHEU,Escobar,georef
BUENOS AIRES,MAYOR BURATOVICH,Villarino,georef
BUENOS AIRES,MECHONGUE,General Alvarado,georef
BUENOS AIRES,MEDANOS,Villarino,georef
BUENOS AIRES,MELCHOR ROMERO,La Plata,georef
BUENOS AIRES,MERCEDES,Mercedes,georef
BUENOS AIRES,MERLO,Merlo,georef
BUENOS AIRES,MIRAMAR,General Alvarado,georef
BUENOS AIRES,MOCTEZUMA,Carlos Casares,georef
BUENOS AIRES,MONEZ CAZON,Pehuajó,georef
BUENOS AIRES,MONJTE GRANDE,Esteban Echeverría,georef
BUENOS AIRES,MONTE GRANDE,Esteban Echeverría,georef
BUENOS AIRES,MONTE HERMOSO,Monte Hermoso,georef
BUENOS AIRES,MOQUEHUA,Chivilcoy,georef
BUENOS AIRES,MORENO,Moreno,georef
BUENOS AIRES,MORON,Morón,georef
BUENOS AIRES,MORSE,Junín,georef
BUENOS AIRES,MUNRO,Vicente López,georef
BUENOS AIRES,MUÑIZ,San Miguel,georef
BUENOS AIRES,N/D,,sin_dato
BUENOS AIRES,NAPALEOFU,Balcarce,georef
BUENOS AIRES,NAVARRO,Navarro,georef
BUENOS AIRES,NECOCHEA,Necochea,georef
BUENOS AIRES,NECOHEA,Necochea,georef
BUENOS AIRES,NICANOR OLIVERA,Necochea,georef
BUENOS AIRES,NOBERTO DE LA RIESTRA,25 de Mayo,georef
BUENOS AIRES,NORBERTO DE LA RIESTRA,25 de Mayo,georef
BUENOS AIRES,O' BRIEN,Bragado,georef
BUENOS AIRES,O' HIGGINS,Chacabuco,georef
BUENOS AIRES,OLAVARRIA,Olavarría,georef
BUENOS AIRES,OLIVOS,Vicente López,georef
BUENOS AIRES,ORENSE,Tres Arroyos,georef
BUENOS AIRES,ORIENTE,Coronel Dorrego,georef
BUENOS AIRES,OSTENDE,Pinamar,georef
BUENOS AIRES,OTAMENDI,General Alvarado,georef
BUENOS AIRES,PABLO NOGHES,Malvinas Argentinas,georef
BUENOS AIRES,PARADA ROBLES,Exaltación de la Cruz,georef
BUENOS AIRES,PARAISO,Ramallo,georef
BUENOS AIRES,PARAJE LA BALLENERA,General Pueyrredón,manual
BUENOS AIRES,PARAJE POLOLA,General Pueyrredón,correccion
BUENOS AIRES,PASO DEL REY,Moreno,georef
BUENOS AIRES,PASTEUR,Lincoln,georef
BUENOS AIRES,PEDERNALES,25 de Mayo,georef
BUENOS AIRES,PEDRO LURO,Villarino,georef
BUENOS AIRES,PEHUAJO,Pehuajó,georef
BUENOS AIRES,PEHUEN-CO,Coronel de Marina Leonardo Rosales,georef
BUENOS AIRES,PELLEGRINI,Pellegrini,georef
BUENOS AIRES,PEREZ MILLAN,Ramallo,georef
BUENOS AIRES,PERGAMINO,Pergamino,georef
BUENOS AIRES,PIEDRITAS,General Villegas,georef
BUENOS AIRES,PIGUE,Saavedra,georef
BUENOS AIRES,PILA,Pila,georef
BUENOS AIRES,PILAR,Pilar,georef
BUENOS AIRES,PINAMAR,Pinamar,georef
BUENOS AIRES,PINZON,Pergamino,georef
BUENOS AIRES,PIPINAS,Punta Indio,georef
BUENOS AIRES,PIROVANO,Bolívar,georef
BUENOS AIRES,PLATANOS,Berazategui,georef
BUENOS AIRES,PONTEVEDRA,Merlo,georef
BUENOS AIRES,PUAN,Puán,georef
BUENOS AIRES,PUEBLO DOYLE,San Pedro,georef
BUENOS AIRES,PUNTA ALTA,Coronel de Marina Leonardo Rosales,georef
BUENOS AIRES,QUEQUEN,Necochea,georef
BUENOS AIRES,QUILMES,Quilmes,georef
BUENOS AIRES,R. DE ESCALADA,Lanús,manual
BUENOS AIRES,R. SOURDEAUX,Malvinas Argentinas,correccion
BUENOS AIRES,RAFAEL CALZADA,Almirante Brown,georef
BUENOS AIRES,RAFAEL CASTILLO,La Matanza,georef
BUENOS AIRES,RAFAEL OBLIGADO,Rojas,georef
BUENOS AIRES,RAMALLO,Ramallo,georef
BUENOS AIRES,RAMOS MEJIA,La Matanza,georef
BUENOS AIRES,RANCHOS,General Paz,georef
BUENOS AIRES,RANELAGH,Berazategui,georef
BUENOS AIRES,RAUCH,Rauch,georef
BUENOS AIRES,RAWSON,Chacabuco,georef
BUENOS AIRES,REMEDIOS DE ESCALADA,Tres de Febrero,georef
BUENOS AIRES,RICARDO ROJAS,Tigre,georef
BUENOS AIRES,RIO TALA,San Pedro,georef
BUENOS AIRES,RIVERA,Adolfo Alsina,georef
BUENOS AIRES,ROBERTS,Lincoln,georef
BUENOS AIRES,ROJAS,Rojas,georef
BUENOS AIRES,ROQUE PEREZ,Roque Pérez,georef
BUENOS AIRES,S.A. DE ARECO,San Antonio de Areco,georef
BUENOS AIRES,SAAVEDRA,Saavedra,georef
BUENOS AIRES,SAENZ PEÑA,Tres de Febrero,georef
BUENOS AIRES,SALADILLO,Saladillo,georef
BUENOS AIRES,SALAZAR,Daireaux,georef
BUENOS AIRES,SALDUNGARAY,Tornquist,georef
BUENOS AIRES,SALLIQUELO,Salliqueló,georef
BUENOS AIRES,SALTO,Salto,georef
BUENOS AIRES,SAMBOROMBON,Brandsen,georef
BUENOS AIRES,SAN ANDRES DE GILES,San Andrés de Giles,georef
BUENOS AIRES,SAN ANTONIO DE ARECO,San Antonio de Areco,georef
BUENOS AIRES,SAN ANTONIO DE PADUA,Merlo,georef
BUENOS AIRES,SAN BERNARDO,La Costa,georef
BUENOS AIRES,SAN CAYETANO,San Cayetano,georef
BUENOS AIRES,SAN CLEMENTE DEL TUYU,La Costa,georef
BUENOS AIRES,SAN ENRIQUE,25 de Mayo,georef
BUENOS AIRES,SAN FCO. SOLANO,Quilmes,manual
BUENOS AIRES,SAN FCO.SOLANO,Quilmes,manual
BUENOS AIRES,SAN FERNANDO,San Fernando,georef
BUENOS AIRES,SAN FRANCISCO DE BELLOCQ,Tres Arroyos,georef
BUENOS AIRES,SAN FRANCISCO SOLANO,Almirante Brown,georef
BUENOS AIRES,SAN ISIDRO,San Isidro,georef
BUENOS AIRES,SAN JUSTO,La Matanza,georef
BUENOS AIRES,SAN MANUEL,Lobería,georef
BUENOS AIRES,SAN MARTIN,General San Martín,georef
BUENOS AIRES,SAN MIGUEL,San Miguel,georef
BUENOS AIRES,SAN MIGUEL DEL MONTE,Monte,georef
BUENOS AIRES,SAN NICOLAS,San Nicolás,correccion
BUENOS AIRES,SAN PEDRO,San Pedro,georef
BUENOS AIRES,SAN VICENTE,San Vicente,georef
BUENOS AIRES,SANTA CLARA DEL MAR,Mar Chiquita,georef
BUENOS AIRES,SANTA TERESITA,La Costa,georef
BUENOS AIRES,SARANDI,Avellaneda,georef
BUENOS AIRES,SIERRA DE LA VENTANA,Tornquist,georef
BUENOS AIRES,SIERRAS BAYAS,Olavarría,georef
BUENOS AIRES,SPEGAZZINI,Ezeiza,georef
BUENOS AIRES,STROEDER,Patagones,georef
BUENOS AIRES,SUIPACHA,Suipacha,georef
BUENOS AIRES,TABLADA,La Matanza,georef
BUENOS AIRES,TANDIL,Tandil,georef
BUENOS AIRES,TAPALQUE,Tapalqué,georef
BUENOS AIRES,TAPIALES,La Matanza,georef
BUENOS AIRES,TEMPERLEY,Lomas de Zamora,georef
BUENOS AIRES,TIGRE,Tigre,georef
BUENOS AIRES,TORQUINST,Tornquist,georef
BUENOS AIRES,TORTUGAS,Escobar,correccion
BUENOS AIRES,TORTUGUITAS,José C. Paz,georef
BUENOS AIRES,TRENQUE LAUQUEN,Trenque Lauquen,georef
BUENOS AIRES,TRES ALGARROBOS,Carlos Tejedor,georef
BUENOS AIRES,TRES ARROYOS,Tres Arroyos,georef
BUENOS AIRES,TRES DE FEBRERO,Tres de Febrero,georef
BUENOS AIRES,TRES LOMAS,Tres Lomas,georef
BUENOS AIRES,TRISTAN SUAREZ,Ezeiza,georef
BUENOS AIRES,TURDERA,Lomas de Zamora,georef
BUENOS AIRES,URDAMPILLETA,Bolívar,georef
BUENOS AIRES,URQUIZA,Pergamino,correccion
BUENOS AIRES,VALENTIN ALSINA,Lanús,georef
BUENOS AIRES,VALERIA DEL MAR,Pinamar,georef
BUENOS AIRES,VEDIA,Leandro N. Alem,georef
BUENOS AIRES,VEINTICINCO DE MAYO,25 de Mayo,georef
BUENOS AIRES,VERONICA,Punta Indio,georef
BUENOS AIRES,VICENTE LOPEZ,Vicente López,georef
BUENOS AIRES,VICTORIA,San Fernando,georef
BUENOS AIRES,VIEYTES,Magdalena,georef
BUENOS AIRES,VILLA  BALLESTER,General San Martín,georef
BUENOS AIRES,VILLA ADELINA,San Isidro,georef
BUENOS AIRES,VILLA ALBERTINA,Lomas de Zamora,manual
BUENOS AIRES,VILLA BORDEU,Bahía Blanca,georef
BUENOS AIRES,VILLA BOSCH,Tres de Febrero,georef
BUENOS AIRES,VILLA CACIQUE,Benito Juárez,georef
BUENOS AIRES,VILLA CELINA,La Matanza,manual
BUENOS AIRES,VILLA DE MAYO,Malvinas Argentinas,georef
BUENOS AIRES,VILLA DOMINICO,Avellaneda,georef
BUENOS AIRES,VILLA ELISA,La Plata,georef
BUENOS AIRES,VILLA GESELL,Villa Gesell,georef
BUENOS AIRES,VILLA INSUPERABLE,La Matanza,manual
BUENOS AIRES,VILLA IRIS,Puán,georef
BUENOS AIRES,VILLA LUZURIAGA,La Matanza,georef
BUENOS AIRES,VILLA LYNCH,General San Martín,georef
BUENOS AIRES,VILLA MADERO,La Matanza,georef
BUENOS AIRES,VILLA MAIPU,General San Martín,georef
BUENOS AIRES,VILLA MARTELLI,Vicente López,georef
BUENOS AIRES,VILLA MAZA,Adolfo Alsina,manual
BUENOS AIRES,VILLA MOQUEHUA,Chivilcoy,manual
BUENOS AIRES,VILLA NUEVA,Berisso,georef
BUENOS AIRES,VILLA POMAR,Colón,georef
BUENOS AIRES,VILLA RAMALLO,Ramallo,georef
BUENOS AIRES,VILLA SARMIENTO,Morón,georef
BUENOS AIRES,VILLA SAUCE,General Villegas,georef
BUENOS AIRES,VILLA TESEI,Hurlingham,georef
BUENOS AIRES,VILLALONGA,Patagones,georef
BUENOS AIRES,VILLARINO,Villarino,manual
BUENOS AIRES,VIRREY DEL PINO,La Matanza,georef
BUENOS AIRES,VIRREYES,San Fernando,georef
BUENOS AIRES,VTE. LOPEZ,Vicente López,georef
BUENOS AIRES,WILDE,Avellaneda,georef
BUENOS AIRES,ZARATE,Zárate,georef
CAPITAL FEDERAL,AGUSTIN ROCA,CABA,caba
CAPITAL FEDERAL,CAPITAL FEDERAL,CABA,caba
CAPITAL FEDERAL,FLORENCIO VARELA,CABA,caba
CATAMARCA,ANDALGALA,Andalgalá,georef
CATAMARCA,BELEN,Belén,georef
CATAMARCA,CATAMARCA,Capital,georef
CATAMARCA,HUALFIN,Belén,georef
CATAMARCA,LA MERCED,Paclín,georef
CATAMARCA,LOS ALTOS,Santa Rosa,georef
CATAMARCA,RECREO,La Paz,georef
CATAMARCA,S.F.V. DE CATAMARCA,Capital,georef
CATAMARCA,SAN ANTONIO DE LA PAZ,El Alto,manual
CATAMARCA,SAN FERNANDO DEL VALLE,Capital,georef
CATAMARCA,SAN MARTIN,Capayán,georef
CATAMARCA,SANTA MARIA,Santa María,georef
CATAMARCA,SUMALAO,Valle Viejo,georef
CATAMARCA,TINOGASTA,Tinogasta,georef
CATAMARCA,VALLE VIEJO,Valle Viejo,manual
CHACO,AVIATERAI,Independencia,manual
CHACO,BARRANQUERAS,San Fernando,georef
CHACO,BASAIL,San Fernando,georef
CHACO,CAMPO LARGO,Independencia,georef
CHACO,CASTELLI,General Güemes,georef
CHACO,CHARATA,Chacabuco,georef
CHACO,CNEL. DUGRATY,Mayor Luis J. Fontana,manual
CHACO,CONCEPCION DEL BERMEJO,Almirante Brown,georef
CHACO,CONTANA,San Fernando,georef
CHACO,CORZUELA,General Belgrano,georef
CHACO,FONTANA,San Fernando,georef
CHACO,GANCEDO,12 de Octubre,georef
CHACO,GRAL. PINEDO,12 de Octubre,georef
CHACO,GRAL. SAN MARTIN,Libertador General San Martín,georef
CHACO,HERMOSO CAMPO,2 de Abril,georef
CHACO,JUAN JOSE CASTELLI,General Güemes,georef
CHACO,LA CLOTILDE,O'Higgins,georef
CHACO,LA LEONESA,Bermejo,georef
CHACO,LA TIGRA,O'Higgins,georef
CHACO,LA VERDE,General Donovan,georef
CHACO,LAS BREÑAS,9 de Julio,georef
CHACO,LOS FRONTONES,Almirante Brown,georef
CHACO,MACHAGAY,25 de Mayo,georef
CHACO,MAKALLE,General Donovan,georef
CHACO,MARGARITA BELEN,1° de Mayo,georef
CHACO,PAMPA DEL INFIERNO,Almirante Brown,georef
CHACO,PCIA. DE LA PLAZA,Presidencia de la Plaza,manual
CHACO,PUERTO TIROL,Libertad,georef
CHACO,PUERTO VILELAS,San Fernando,georef
CHACO,QUITILIPI,Quitilipi,georef
CHACO,RESISTENCIA,San Fernando,georef
CHACO,SAENZ PEÑA,Comandante Fernández,georef
CHACO,SAN BERNARDO,O'Higgins,georef
CHACO,SANTA SILVINA,Fray Justo Santa María de Oro,georef
CHACO,TACO POZO,Almirante Brown,georef
CHACO,TRES ISLETAS,Maipú,georef
CHACO,VILLA ANGELA,Mayor Luis J. Fontana,georef
CHACO,VILLA BERTHET,San Lorenzo,georef
CHUBUT,CAMARONES,Florentino Ameghino,georef
CHUBUT,CERRO DRAGON,Escalante,manual
CHUBUT,CHOLILA,Cushamen,georef
CHUBUT,COLONIA SARMIENTO,Sarmiento,manual
CHUBUT,COMODORO RIVADAVIA,Escalante,georef
CHUBUT,CORCOVADO,Futaleufú,georef
CHUBUT,DOLAVON,Gaiman,georef
CHUBUT,EL HOYO,Cushamen,georef
CHUBUT,EL MAITEN,Cushamen,georef
CHUBUT,EPUYEN,Cushamen,georef
CHUBUT,ESQUEL,Futaleufú,georef
CHUBUT,GAIMAN,Gaiman,georef
CHUBUT,GARAYALDE,Florentino Ameghino,georef
CHUBUT,GDOR. COSTA,Tehuelches,georef
CHUBUT,GOBERNADOR COSTA,Tehuelches,georef
CHUBUT,LAGO BLANCO,Río Senguer,georef
CHUBUT,LAGO PUELO,Cushamen,georef
CHUBUT,LAS PLUMAS,Mártires,georef
CHUBUT,LOS ALTARES,Paso de Indios,georef
CHUBUT,PASO DE INDIOS,Paso de Indios,georef
CHUBUT,PUERTO MADRYN,Biedma,georef
CHUBUT,PUERTO PIRAMIDE,Biedma,georef
CHUBUT,RADA TILLY,Escalante,georef
CHUBUT,RAWSON,Rawson,georef
CHUBUT,RIO MAYO,Río Senguer,georef
CHUBUT,RIO SENGUER,Río Senguer,georef
CHUBUT,SARMIENTO,Sarmiento,georef
CHUBUT,TECKA,Languiñeo,georef
CHUBUT,TRELEW,Rawson,georef
CHUBUT,TREVELIN,Futaleufú,georef
CHUBUT,UZCUDUN,Rawson,correccion
CORDOBA,ACHIRAS,Río Cuarto,georef
CORDOBA,ADELIA MARIA,Río Cuarto,georef
CORDOBA,ALEJANDRO ROCA,Juárez Celman,georef
CORDOBA,ALEJO LEDESMA,Marcos Juárez,georef
CORDOBA,ALICIA,San Justo,georef
CORDOBA,ALMAFUERTE,Tercero Arriba,georef
CORDOBA,ALPA CORRAL,Río Cuarto,georef
CORDOBA,ALTA GRACIA,Santa María,georef
CORDOBA,ALTO GRANDE,San Alberto,correccion
CORDOBA,ALTOS DEL CHIPION,San Justo,georef
CORDOBA,ARGUELLO,Capital,manual
CORDOBA,ARIAS,Marcos Juárez,georef
CORDOBA,ARROYITO,San Justo,georef
CORDOBA,ASCOCHINGA,Colón,georef
CORDOBA,AUSONIA,General San Martín,georef
CORDOBA,BALLESTEROS,Unión,georef
CORDOBA,BALNEARIA,San Justo,georef
CORDOBA,BELL VILLE,Unión,georef
CORDOBA,BENGOLEA,Juárez Celman,georef
CORDOBA,BERROTARAN,Río Cuarto,georef
CORDOBA,BIALET MASSE,Punilla,georef
CORDOBA,BOUCHARDO,General Roca,georef
CORDOBA,BRINKMAN,San Justo,georef
CORDOBA,BUCHARDO,General Roca,georef
CORDOBA,CALCHIN,Río Segundo,georef
CORDOBA,CAMILO ALDAO,Marcos Juárez,georef
CORDOBA,CANALS,Unión,georef
CORDOBA,CAPILLA DEL MONTE,Punilla,georef
CORDOBA,CARLOS PAZ,Punilla,georef
CORDOBA,CARNERILLO,Juárez Celman,georef
CORDOBA,CARRILOBO,Río Segundo,georef
CORDOBA,CAVANAGH,Marcos Juárez,georef
CORDOBA,CHAJAN,Río Cuarto,georef
CORDOBA,CHAZON,General San Martín,georef
CORDOBA,CHUCUL,Río Cuarto,georef
CORDOBA,CNEL. MOLDES,Río Cuarto,georef
CORDOBA,COLAZO,Río Segundo,georef
CORDOBA,COLONIA CAROYA,Colón,georef
CORDOBA,COLONIA ITALIA,Marcos Juárez,georef
CORDOBA,COLONIA MARINA,San Justo,georef
CORDOBA,COLONIA SAN BARTOLOME,San Justo,georef
CORDOBA,COLONIA TIROLESA,Colón,georef
CORDOBA,CORDOBA,Capital,georef
CORDOBA,CORRAL DE BUSTOS,Marcos Juárez,georef
CORDOBA,CORRALITO,Tercero Arriba,georef
CORDOBA,COSQUIN,Punilla,georef
CORDOBA,CRUZ ALTA,Marcos Juárez,georef
CORDOBA,CRUZ DEL EJE,Cruz del Eje,georef
CORDOBA,CURA BROCHERO,San Alberto,georef
CORDOBA,DALMACIO VELEZ SARSFIELD,Tercero Arriba,manual
CORDOBA,DEAN FUNES,Ischilín,georef
CORDOBA,DEL CAMPILLO,General Roca,georef
CORDOBA,DESPEÑADEROS,Santa María,georef
CORDOBA,DEVOTO,San Justo,georef
CORDOBA,EL FUERTECITO,San Justo,georef
CORDOBA,EL TIO,San Justo,georef
CORDOBA,ELENA,Río Cuarto,georef
CORDOBA,EMBALSE,Calamuchita,georef
CORDOBA,ETRURIA,General San Martín,georef
CORDOBA,FERREYRA,Capital,correccion
CORDOBA,FREYRE,San Justo,georef
CORDOBA,GIGENA,Río Cuarto,georef
CORDOBA,GRAL. BALDISERA,Marcos Juárez,georef
CORDOBA,GRAL. CABRERA,Juárez Celman,georef
CORDOBA,GRAL. DEHEZA,Juárez Celman,georef
CORDOBA,GRAL. LEVALLE,Presidente Roque Sáenz Peña,georef
CORDOBA,GRAL. ROCA,Marcos Juárez,georef
CORDOBA,GUATIMOZIN,Marcos Juárez,georef
CORDOBA,HERNANDO,Tercero Arriba,georef
CORDOBA,HOLMBERG,Río Cuarto,georef
CORDOBA,HUANCHILLA,Juárez Celman,georef
CORDOBA,HUINCA RENACO,General Roca,georef
CORDOBA,IDIAZABAL,Unión,georef
CORDOBA,INRIVILLE,Marcos Juárez,georef
CORDOBA,ISLA VERDE,Marcos Juárez,georef
CORDOBA,JAMES CRAIK,Tercero Arriba,georef
CORDOBA,JESUS MARIA,Colón,georef
CORDOBA,JOVITA,General Roca,georef
CORDOBA,JUAREZ CELMAN,Colón,georef
CORDOBA,JUSTINIANO POSSE,Unión,georef
CORDOBA,LA CALERA,Colón,georef
CORDOBA,LA CARLOTA,Juárez Celman,georef
CORDOBA,LA CESIRA,Presidente Roque Sáenz Peña,georef
CORDOBA,LA CUMBRE,Punilla,georef
CORDOBA,LA FALDA,Punilla,georef
CORDOBA,LA FRANCIA,San Justo,georef
CORDOBA,LA GRANJA,Colón,georef
CORDOBA,LA LAGUNA,General San Martín,georef
CORDOBA,LA PAQUITA,San Justo,georef
CORDOBA,LA PARA,Río Primero,georef
CORDOBA,LA PAZ,San Javier,georef
CORDOBA,LA PLAYOSA,General San Martín,georef
CORDOBA,LA PUERTA,Colón,georef
CORDOBA,LA TORDILLA,San Justo,georef
CORDOBA,LABORDE,Unión,georef
CORDOBA,LABOULAYE,Presidente Roque Sáenz Peña,georef
CORDOBA,LAGUNA LARGA,Río Segundo,georef
CORDOBA,LAS ACEQUIAS,Río Cuarto,georef
CORDOBA,LAS ENSENADAS,Río Cuarto,correccion
CORDOBA,LAS GRAMILLAS,Río Primero,georef
CORDOBA,LAS HIGUERAS,Río Cuarto,georef
CORDOBA,LAS PERDICES,Tercero Arriba,georef
CORDOBA,LAS PEÑAS,Totoral,correccion
CORDOBA,LAS TAPIAS,San Javier,georef
CORDOBA,LAS VARILLAS,San Justo,georef
CORDOBA,LASPIUR,San Justo,georef
CORDOBA,LEONES,Marcos Juárez,georef
CORDOBA,LOS CISNES,Juárez Celman,georef
CORDOBA,LOS CONDORES,Calamuchita,georef
CORDOBA,LOS SURGENTES,Marcos Juárez,georef
CORDOBA,LOZADA,Santa María,georef
CORDOBA,LUQUE,Río Segundo,georef
CORDOBA,MALAGUEÑO,Santa María,georef
CORDOBA,MALENA,Río Cuarto,georef
CORDOBA,MARCOS JUAREZ,Marcos Juárez,georef
CORDOBA,MARCOS SUAREZ,Marcos Juárez,georef
CORDOBA,MARULL,San Justo,georef
CORDOBA,MATORRALES,Río Segundo,georef
CORDOBA,MATTALDI,General Roca,georef
CORDOBA,MELO,Presidente Roque Sáenz Peña,georef
CORDOBA,MINA CLAVERO,San Alberto,georef
CORDOBA,MIRAMAR,San Justo,georef
CORDOBA,MOLDES,Río Cuarto,georef
CORDOBA,MONTE BUEY,Marcos Juárez,georef
CORDOBA,MONTE CRISTO,Río Primero,manual
CORDOBA,MONTE MAIZ,Unión,georef
CORDOBA,MONTE RALO,Santa María,georef
CORDOBA,MORRISON,Unión,georef
CORDOBA,MORTEROS,San Justo,georef
CORDOBA,NOETINGER,Unión,georef
CORDOBA,NONO,San Alberto,georef
CORDOBA,OBISPO TREJO,Río Primero,georef
CORDOBA,OLIVA,Tercero Arriba,georef
CORDOBA,ONCATIVO,Río Segundo,georef
CORDOBA,ORDOÑEZ,Unión,georef
CORDOBA,PASCANAS,Unión,georef
CORDOBA,PASCO,General San Martín,georef
CORDOBA,PILAR,Río Segundo,georef
CORDOBA,PIQUILLIN,Río Primero,georef
CORDOBA,PORTEÑA,San Justo,georef
CORDOBA,POZO DEL MOLLE,Río Segundo,georef
CORDOBA,PUEBLO ITALIANO,Unión,georef
CORDOBA,QUILINO,Ischilín,georef
CORDOBA,RIO CEBALLOS,Colón,georef
CORDOBA,RIO CUARTO,Río Cuarto,georef
CORDOBA,RIO PRIMERO,Río Primero,georef
CORDOBA,RIO SEGUNDO,Río Segundo,georef
CORDOBA,RIO TERCERO,Tercero Arriba,georef
CORDOBA,SACANTA,San Justo,georef
CORDOBA,SALDAN,Colón,georef
CORDOBA,SALSIPUEDES,Colón,georef
CORDOBA,SAMPACHO,Río Cuarto,georef
CORDOBA,SAN AGUSTIN,Calamuchita,georef
CORDOBA,SAN BASILIO,Río Cuarto,georef
CORDOBA,SAN FRANCISCO,San Justo,georef
CORDOBA,SAN JOSE DE LA DORMIDA,Tulumba,georef
CORDOBA,SAN MARCOS,Unión,georef
CORDOBA,SANTA EUFEMIA,Juárez Celman,georef
CORDOBA,SANTA MARIA DE LA PUNILLA,Punilla,georef
CORDOBA,SANTA ROSA DE CALAMUCHITA,Calamuchita,georef
CORDOBA,SANTA ROSA DE RIO PRIMERO,Río Primero,georef
CORDOBA,SANTIAGO TEMPLE,Río Segundo,georef
CORDOBA,SERRANO,Presidente Roque Sáenz Peña,georef
CORDOBA,SERRIZUELA,Cruz del Eje,georef
CORDOBA,SINSACATE,Totoral,georef
CORDOBA,STA. ROSA DE CALAMUCHITA,Calamuchita,georef
CORDOBA,SUCO,Río Cuarto,georef
CORDOBA,TANCACHA,Tercero Arriba,georef
CORDOBA,TANTI,Punilla,georef
CORDOBA,TICINO,General San Martín,georef
CORDOBA,TIO PUJIO,General San Martín,georef
CORDOBA,TOTORAL,Totoral,georef
CORDOBA,TRANSITO,San Justo,georef
CORDOBA,UCACHA,Juárez Celman,georef
CORDOBA,UNQUILLO,Colón,georef
CORDOBA,VALLE HERMOSO,Punilla,georef
CORDOBA,VIAMONTE,Unión,georef
CORDOBA,VICUÑA MACKENNA,Río Cuarto,georef
CORDOBA,VILLA ALLENDE,Colón,georef
CORDOBA,VILLA AMERICA,Santa María,georef
CORDOBA,VILLA ANIZACATE,Santa María,manual
CORDOBA,VILLA ASCAZUBI,Tercero Arriba,georef
CORDOBA,VILLA BELGRANO,Calamuchita,georef
CORDOBA,VILLA CARLOS PAZ,Punilla,georef
CORDOBA,VILLA CONCEPCION DEL TIO,San Justo,georef
CORDOBA,VILLA DE SOTO,Cruz del Eje,georef
CORDOBA,VILLA DEL DIQUE,Calamuchita,georef
CORDOBA,VILLA DEL LAGO,Punilla,georef
CORDOBA,VILLA DEL ROSARIO,Río Segundo,georef
CORDOBA,VILLA DOLORES,San Javier,georef
CORDOBA,VILLA FONTANA,Río Primero,georef
CORDOBA,VILLA GIARDINO,Punilla,georef
CORDOBA,VILLA GRAL. BELGRANO,Calamuchita,georef
CORDOBA,VILLA HUIDOBRO,General Roca,georef
CORDOBA,VILLA MARIA,General San Martín,georef
CORDOBA,VILLA MARIA DEL RIO SECO,Río Seco,manual
CORDOBA,VILLA NUEVA,General San Martín,georef
CORDOBA,VILLA REDUCCION,Juárez Celman,georef
CORDOBA,VILLA VALERIA,General Roca,georef
CORDOBA,W. ESCALANTE,Unión,manual
CORRIENTES,ALVEAR,General Alvear,georef
CORRIENTES,BELLA VISTA,Bella Vista,georef
CORRIENTES,COLONIA LIBERTAD,Monte Caseros,georef
CORRIENTES,CORRIENTES,Capital,georef
CORRIENTES,CURUZU CUATIA,Curuzú Cuatiá,georef
CORRIENTES,EMPEDRADO,Empedrado,georef
CORRIENTES,ESQUINA,Esquina,georef
CORRIENTES,GOYA,Goya,georef
CORRIENTES,ITA IBATE,General Paz,georef
CORRIENTES,ITATI,Itatí,georef
CORRIENTES,ITUZAINGO,Ituzaingó,georef
CORRIENTES,LA CRUZ,San Martín,georef
CORRIENTES,LAGUNA SECA,LAGUNA SECA,paraje
CORRIENTES,MARIANO I. LOZA,Mercedes,georef
CORRIENTES,MBURUCUYA,Mburucuyá,georef
CORRIENTES,MERCEDES,Mercedes,georef
CORRIENTES,MOCORETA,Monte Caseros,georef
CORRIENTES,MONTE CASEROS,Monte Caseros,georef
CORRIENTES,PASO DE LA PATRIA,San Cosme,georef
CORRIENTES,PASO DE LOS LIBRES,Paso de los Libres,georef
CORRIENTES,SALADAS,Saladas,georef
CORRIENTES,SAN COSME,San Cosme,georef
CORRIENTES,SAN LUIS DEL PALMAR,San Luis del Palmar,georef
CORRIENTES,SAN ROQUE,San Roque,georef
CORRIENTES,SANTA LUCIA,Lavalle,georef
CORRIENTES,SANTA ROSA,Concepción,georef
CORRIENTES,SANTO TOME,Santo Tomé,georef
CORRIENTES,VIRASORO,Santo Tomé,georef
CORRIENTES,YAPEYU,San Martín,georef
ENTRE RIOS,ALCARAZ,La Paz,georef
ENTRE RIOS,ALDEA SAN ANTONIO,Gualeguaychú,georef
ENTRE RIOS,BASAVILBASO,Uruguay,georef
ENTRE RIOS,BOVRIL,La Paz,georef
ENTRE RIOS,CASEROS,Uruguay,georef
ENTRE RIOS,CEIBAS,Islas del Ibicuy,georef
ENTRE RIOS,CERRITO,Paraná,georef
ENTRE RIOS,CHAJARI,Federación,georef
ENTRE RIOS,COLON,Colón,georef
ENTRE RIOS,COLONIA ENSAYO,Diamante,georef
ENTRE RIOS,COLONIA YERUA,Concordia,manual
ENTRE RIOS,CONCEPCION DEL URUGUAY,Uruguay,georef
ENTRE RIOS,CONCORDIA,Concordia,georef
ENTRE RIOS,COSTA GRANDE,Diamante,correccion
ENTRE RIOS,CRESPO,Paraná,georef
ENTRE RIOS,DIAMANTE,Diamante,georef
ENTRE RIOS,EL PINGO,Paraná,georef
ENTRE RIOS,EL SOLAR,La Paz,georef
ENTRE RIOS,FEDERACION,Federación,georef
ENTRE RIOS,FEDERAL,Federal,georef
ENTRE RIOS,FELICIANO,Feliciano,georef
ENTRE RIOS,GDOR. MANSILLA,Tala,georef
ENTRE RIOS,GILBERT,Gualeguaychú,georef
ENTRE RIOS,GRAL. GALARZA,Gualeguay,georef
ENTRE RIOS,GRAL. RAMIREZ,Diamante,georef
ENTRE RIOS,GUALEGUAY,Gualeguay,georef
ENTRE RIOS,GUALEGUAYCHU,Gualeguaychú,georef
ENTRE RIOS,HASENKAMP,Paraná,georef
ENTRE RIOS,HERNANDARIAS,Paraná,georef
ENTRE RIOS,HERNANDEZ,Nogoyá,georef
ENTRE RIOS,HERRERA,Uruguay,georef
ENTRE RIOS,ISLA DEL IBICUY,Islas del Ibicuy,correccion
ENTRE RIOS,JUAN JORGE,Colón,correccion
ENTRE RIOS,JUBILEO,Villaguay,georef
ENTRE RIOS,LA PAZ,La Paz,georef
ENTRE RIOS,LA PICADA,Paraná,georef
ENTRE RIOS,LARROQUE,Gualeguaychú,georef
ENTRE RIOS,LAS TUNAS,Paraná,georef
ENTRE RIOS,LIBERTADOR GRAL. SAN MARTIN,Diamante,correccion
ENTRE RIOS,LUCAS GONZALEZ,Nogoyá,georef
ENTRE RIOS,MABRAGAÑA,Colón,correccion
ENTRE RIOS,MACIA,Tala,georef
ENTRE RIOS,MARIA GRANDE,Paraná,georef
ENTRE RIOS,NOGOYA,Nogoyá,georef
ENTRE RIOS,PARANA,Paraná,georef
ENTRE RIOS,PASO DE LA LAGUNA,Villaguay,georef
ENTRE RIOS,PERDICES,Gualeguaychú,correccion
ENTRE RIOS,PUEBLO CAZES,Colón,georef
ENTRE RIOS,PUERTO LAS CUEVAS,Diamante,georef
ENTRE RIOS,RAMIREZ,Diamante,georef
ENTRE RIOS,ROSARIO DE TALA,Tala,georef
ENTRE RIOS,ROSARIO DEL TALA,Tala,georef
ENTRE RIOS,SAN JAIME,Federación,georef
ENTRE RIOS,SAN JOSE,Colón,georef
ENTRE RIOS,SAN SALVADOR,San Salvador,georef
ENTRE RIOS,SANTA ANITA,Uruguay,georef
ENTRE RIOS,SANTA ELENA,La Paz,georef
ENTRE RIOS,SAUCE DE LUNA,Federal,georef
ENTRE RIOS,SEGUI,Paraná,georef
ENTRE RIOS,STROBEL,Diamante,georef
ENTRE RIOS,TABOSSI,Paraná,georef
ENTRE RIOS,UBAJAY,Colón,georef
ENTRE RIOS,URDINARRAIN,Gualeguaychú,georef
ENTRE RIOS,VIALE,Paraná,georef
ENTRE RIOS,VICTORIA,Victoria,georef
ENTRE RIOS,VILLA DEL ROSARIO,Federación,georef
ENTRE RIOS,VILLA ELISA,Colón,georef
ENTRE RIOS,VILLA URQUIZA,Paraná,georef
ENTRE RIOS,VILLA VALLE MARIA,Diamante,correccion
ENTRE RIOS,VILLAGUAY,Villaguay,georef
FORMOSA,CLORINDA,Pilcomayo,georef
FORMOSA,EL COLORADO,Pirané,georef
FORMOSA,EL ESPINILLO,Pilagás,georef
FORMOSA,FONTANA,Patiño,georef
FORMOSA,FORMOSA,Formosa,georef
FORMOSA,GRAL. BELGRANO,Patiño,georef
FORMOSA,GRAL. MANSILLA,Laishi,georef
FORMOSA,IBARRETA,Patiño,georef
FORMOSA,ING. JUAREZ,Matacos,georef
FORMOSA,LAGUNA BLANCA,Pilcomayo,georef
FORMOSA,LAGUNA NAINECK,Pilcomayo,correccion
FORMOSA,LAS LOMITAS,Patiño,georef
FORMOSA,PALO SANTO,Pirané,georef
FORMOSA,PIRANE,Pirané,georef
FORMOSA,VILLA DOS TRECE,Pirané,correccion
FORMOSA,VILLA GRAL. GUEMES,Patiño,georef
JUJUY,EL CARMEN,El Carmen,georef
JUJUY,FRAILE PINTADO,Ledesma,georef
JUJUY,HUMAHUACA,Humahuaca,georef
JUJUY,LA QUIACA,Yavi,georef
JUJUY,LIBERTADOR GRAL. SAN MARTIN,Ledesma,georef
JUJUY,LOS LAPACHOS,El Carmen,georef
JUJUY,MONTE RICO,El Carmen,correccion
JUJUY,PALPALA,Palpalá,georef
JUJUY,PERICO,El Carmen,georef
JUJUY,SAN PEDRO,San Pedro,georef
JUJUY,SAN SALVADOR DE JUJUY,Dr. Manuel Belgrano,georef
JUJUY,SANTA CLARA,Santa Bárbara,georef
JUJUY,SUSQUES,Susques,georef
JUJUY,TILCARA,Tilcara,georef
JUJUY,YALA,Dr. Manuel Belgrano,georef
JUJUY,YUTO,Ledesma,georef
LA PAMPA,25 DE MAYO,Puelén,georef
LA PAMPA,AGUSTONI,Maracó,georef
LA PAMPA,ALPACHIRI,Guatraché,georef
LA PAMPA,ALTA ITALIA,Realicó,georef
LA PAMPA,ANGUIL,Capital,georef
LA PAMPA,ARATA,Trenel,georef
LA PAMPA,BERNASCONI,Hucal,georef
LA PAMPA,CALEUFU,Rancul,georef
LA PAMPA,CATRILO,Catriló,georef
LA PAMPA,CHACHARRAMENDI,Utracán,georef
LA PAMPA,COLONIA BARON,Quemú Quemú,georef
LA PAMPA,CONELLO,Conhelo,correccion
LA PAMPA,EDUARDO CASTEX,Conhelo,georef
LA PAMPA,EMBAJADOR MARTINI,Realicó,georef
LA PAMPA,GRAL. ACHA,Utracán,georef
LA PAMPA,GRAL. CAMPOS,Guatraché,georef
LA PAMPA,GRAL. PICO,Maracó,georef
LA PAMPA,GRAL. SAN MARTIN,Hucal,georef
LA PAMPA,GUATRACHE,Guatraché,georef
LA PAMPA,INGENIERO LUIGGI,Realicó,georef
LA PAMPA,INTENDENTE ALVEAR,Chapaleufú,georef
LA PAMPA,JACINTO ARAUZ,Hucal,georef
LA PAMPA,LA ADELA,Caleu Caleu,georef
LA PAMPA,LARROUDE,Chapaleufú,georef
LA PAMPA,LONQUIMAY,Catriló,georef
LA PAMPA,MACACHIN,Atreucó,georef
LA PAMPA,METILEO,Trenel,georef
LA PAMPA,MIGUEL RIGLOS,Atreucó,georef
LA PAMPA,PADRE BUODO,Utracán,correccion
LA PAMPA,PARERA,Rancul,georef
LA PAMPA,PUELCHES,Curacó,georef
LA PAMPA,QUEMU QUEMU,Quemú Quemú,georef
LA PAMPA,QUETREQUEN,Rancul,georef
LA PAMPA,RANCUL,Rancul,georef
LA PAMPA,REALICO,Realicó,georef
LA PAMPA,ROLON,Atreucó,georef
LA PAMPA,SANTA ISABEL,Chalileo,georef
LA PAMPA,SANTA ROSA,Capital,georef
LA PAMPA,TOAY,Toay,georef
LA PAMPA,TOMAS MANUEL DE ANCHORENA,Atreucó,correccion
LA PAMPA,TRENEL,Trenel,georef
LA PAMPA,URIBURU,Catriló,georef
LA PAMPA,VICTORICA,Loventué,georef
LA PAMPA,WINIFREDA,Conhelo,georef
LA RIOJA,AIMOGASTA,Arauco,georef
LA RIOJA,ANILLACO,Castro Barros,georef
LA RIOJA,CHAMICAL,Chamical,georef
LA RIOJA,CHEPES,Rosario Vera Peñaloza,georef
LA RIOJA,CHILECITO,Chilecito,georef
LA RIOJA,FAMATINA,Famatina,georef
LA RIOJA,GDOR. GORDILLO,Chamical,correccion
LA RIOJA,LA RIOJA,Capital,georef
LA RIOJA,MALAZAN,General Juan Facundo Quiroga,georef
LA RIOJA,NONOGASTA,Chilecito,georef
LA RIOJA,OLTA,General Belgrano,georef
LA RIOJA,PATQUIA,Independencia,georef
LA RIOJA,PINCHAS,Castro Barros,georef
LA RIOJA,SALICAS,San Blas de Los Sauces,georef
LA RIOJA,VILLA UNION,General Felipe Varela,georef
MENDOZA,BELTRAN,Maipú,georef
MENDOZA,BERMEJO,Guaymallén,georef
MENDOZA,BOWEN,General Alvear,georef
MENDOZA,CAPILLA DEL ROSARIO,Guaymallén,georef
MENDOZA,CARRODILLA,Luján de Cuyo,georef
MENDOZA,CHAPANAY,San Martín,georef
MENDOZA,COLONIA SEGOVIA,Guaymallén,georef
MENDOZA,COQUIMBITO,Maipú,georef
MENDOZA,COSTA DE ARAUJO,Lavalle,georef
MENDOZA,DORREGO,Guaymallén,georef
MENDOZA,EUGENIO BUSTOS,San Carlos,georef
MENDOZA,FRAY LUIS BELTRAN,Maipú,georef
MENDOZA,GODOY CRUZ,Godoy Cruz,georef
MENDOZA,GRAL. ALVEAR,General Alvear,georef
MENDOZA,GRAL. GUTIERREZ,Maipú,georef
MENDOZA,GUAYMALLEN,Guaymallén,georef
MENDOZA,JUNIN,Junín,georef
MENDOZA,LA CONSULTA,San Carlos,georef
MENDOZA,LA DORMIDA,Santa Rosa,georef
MENDOZA,LAS CATITAS,Santa Rosa,georef
MENDOZA,LAS HERAS,Las Heras,georef
MENDOZA,LAVALLE,Lavalle,correccion
MENDOZA,LOS BARRIALES,Junín,georef
MENDOZA,LUJAN,Luján de Cuyo,georef
MENDOZA,LUJAN DE CUYO,Luján de Cuyo,georef
MENDOZA,MAIPU,Maipú,georef
MENDOZA,MALARGUE,Malargüe,georef
MENDOZA,MENDOZA,Capital,georef
MENDOZA,MONTE COMAN,San Rafael,georef
MENDOZA,PALMIRA,San Martín,georef
MENDOZA,PAREDITAS,San Carlos,georef
MENDOZA,PERDRIEL,Luján de Cuyo,georef
MENDOZA,REAL DEL PADRE,San Rafael,georef
MENDOZA,RIVADAVIA,Rivadavia,georef
MENDOZA,RODEO DE LA CRUZ,Guaymallén,georef
MENDOZA,RODEO DEL MEDIO,Maipú,georef
MENDOZA,RUSELL,Maipú,correccion
MENDOZA,SAN CARLOS,San Carlos,georef
MENDOZA,SAN JOSE,Guaymallén,georef
MENDOZA,SAN MARTIN,San Martín,georef
MENDOZA,SAN RAFAEL,San Rafael,georef
MENDOZA,SANTA ROSA,Santa Rosa,georef
MENDOZA,TUNUYAN,Tunuyán,georef
MENDOZA,TUPUNGATO,Tupungato,georef
MENDOZA,UGARTECHE,Luján de Cuyo,georef
MENDOZA,USPALLATA,Las Heras,georef
MENDOZA,VALLE DE LAS LEÑAS,Malargüe,correccion
MENDOZA,VILLA 25 DE MAYO,San Rafael,correccion
MENDOZA,VILLA ATUEL,San Rafael,georef
MENDOZA,VILLA LA PAZ,La Paz,correccion
MENDOZA,VILLA NUEVA,Guaymallén,georef
MENDOZA,VISTA  FLORES,Tunuyán,georef
MISIONES,2 DE MAYO,Cainguás,correccion
MISIONES,25 DE MAYO,25 de Mayo,georef
MISIONES,ALTE. BROWN,General Manuel Belgrano,correccion
MISIONES,APOSTOLES,Apóstoles,georef
MISIONES,ARISTOBULO DEL VALLE,Cainguás,georef
MISIONES,BERNARDO DE IRIGOYEN,General Manuel Belgrano,georef
MISIONES,BERNARDO DE IRYGOYEN,General Manuel Belgrano,georef
MISIONES,CAMPO GRANDE,Cainguás,georef
MISIONES,CAMPO VIERA,Oberá,georef
MISIONES,CANDELARIA,Candelaria,georef
MISIONES,CAPIOVI,Libertador General San Martín,georef
MISIONES,CERRO AZUL,Leandro N. Alem,georef
MISIONES,COLONIA ANDRESITO,General Manuel Belgrano,correccion
MISIONES,COLONIA CARAGUATAY,Montecarlo,correccion
MISIONES,CONCEPCION DE LA SIERRA,Concepción,georef
MISIONES,EL ALCAZAR,Libertador General San Martín,georef
MISIONES,EL DORADO,25 de Mayo,georef
MISIONES,EL SOBERBIO,Guaraní,georef
MISIONES,FRACRAN,Guaraní,georef
MISIONES,GARUHAPE,Libertador General San Martín,georef
MISIONES,GARUPA,Capital,georef
MISIONES,GDOR. ROCA,San Ignacio,georef
MISIONES,JARDIN DE AMERICA,San Ignacio,georef
MISIONES,L.N. ALEM,Leandro N. Alem,georef
MISIONES,LIBERTAD,Iguazú,georef
MISIONES,MONTECARLO,Montecarlo,georef
MISIONES,OBERA,Oberá,georef
MISIONES,POSADAS,Capital,georef
MISIONES,PTO. PIRAY,Montecarlo,correccion
MISIONES,PUERTO ESPERANZA,Iguazú,georef
MISIONES,PUERTO IGUAZU,Iguazú,georef
MISIONES,PUERTO LIBERTAD,Iguazú,georef
MISIONES,PUERTO RICO,Libertador General San Martín,georef
MISIONES,RUIZ DE MONTOYA,Libertador General San Martín,georef
MISIONES,SAN IGNACIO,San Ignacio,georef
MISIONES,SAN JAVIER,San Javier,georef
MISIONES,SAN JOSE,Apóstoles,georef
MISIONES,SAN PEDRO,San Pedro,georef
MISIONES,SAN VICENTE,Guaraní,georef
MISIONES,SANTA ANA,Candelaria,georef
MISIONES,SANTA RITA,25 de Mayo,georef
MISIONES,WANDA,Iguazú,georef
NEUQUEN,ALUMINE,Aluminé,georef
NEUQUEN,ANDACOLLO,Minas,georef
NEUQUEN,ARROYITOS,Confluencia,georef
NEUQUEN,AÑELO,Añelo,georef
NEUQUEN,BARRANCAS,Pehuenches,georef
NEUQUEN,BUTA RANQUIL,Pehuenches,georef
NEUQUEN,CENTENARIO,Confluencia,georef
NEUQUEN,CHOS MALAL,Chos Malal,georef
NEUQUEN,CUTRAL CO,Confluencia,georef
NEUQUEN,Caviahue,Ñorquín,georef
NEUQUEN,JUNIN DE LOS ANDES,Huiliches,georef
NEUQUEN,LAS LAJAS,Picunches,georef
NEUQUEN,LONCOPUE,Loncopué,georef
NEUQUEN,NEUQUEN,Confluencia,georef
NEUQUEN,PICUN LEUFU,Picún Leufú,georef
NEUQUEN,PIEDRA DEL AGUILA,Collón Curá,georef
NEUQUEN,PLAZA HUINCUL,Confluencia,georef
NEUQUEN,PLOTTIER,Confluencia,georef
NEUQUEN,RINCON DE LOS SAUCES,Pehuenches,georef
NEUQUEN,SAN MARTIN DE LOS ANDES,Lácar,georef
NEUQUEN,SAN PATRICIO DEL CHAÑAR,Añelo,georef
NEUQUEN,SENILLOSA,Confluencia,georef
NEUQUEN,VILLA LA ANGOSTURA,Los Lagos,georef
NEUQUEN,VILLA PEHUENIA,Aluminé,georef
NEUQUEN,VILLA TRAFUL,Los Lagos,georef
NEUQUEN,ZAPALA,Zapala,georef
RIO NEGRO,ALLEN,General Roca,georef
RIO NEGRO,BALNEARIO LAS GRUTAS,San Antonio,correccion
RIO NEGRO,BARDA DEL MEDIO,General Roca,georef
RIO NEGRO,BELTRAN,Avellaneda,georef
RIO NEGRO,CAMPO GRANDE,General Roca,correccion
RIO NEGRO,CATRIEL,General Roca,georef
RIO NEGRO,CHICHINALES,General Roca,georef
RIO NEGRO,CHIMPAY,Avellaneda,georef
RIO NEGRO,CHOELE CHOEL,Avellaneda,georef
RIO NEGRO,CINCO SALTOS,General Roca,georef
RIO NEGRO,CIPOLLETTI,General Roca,georef
RIO NEGRO,COMALLO,Pilcaniyeu,georef
RIO NEGRO,CONESA,Conesa,georef
RIO NEGRO,EL BOLSON,Bariloche,georef
RIO NEGRO,GRAL. CONESA,Conesa,georef
RIO NEGRO,GRAL. FERNANDEZ ORO,General Roca,georef
RIO NEGRO,GRAL. GODOY,General Roca,georef
RIO NEGRO,GRAL. ROCA,General Roca,georef
RIO NEGRO,INGENIERO IACOBACCI,25 de Mayo,georef
RIO NEGRO,LAMARQUE,Avellaneda,georef
RIO NEGRO,LOS MENUCOS,25 de Mayo,georef
RIO NEGRO,MAQUINCHAO,25 de Mayo,georef
RIO NEGRO,MASCARDI,Bariloche,georef
RIO NEGRO,PILCANIYEU,Pilcaniyeu,georef
RIO NEGRO,RAMOS MEXIA,9 de Julio,georef
RIO NEGRO,RIO COLORADO,Pichi Mahuida,georef
RIO NEGRO,SAN ANTONIO OESTE,San Antonio,georef
RIO NEGRO,SAN CARLOS DE BARILOCHE,Bariloche,georef
RIO NEGRO,SIERRA COLORADA,9 de Julio,georef
RIO NEGRO,SIERRA GRANDE,San Antonio,georef
RIO NEGRO,SIERRA PAILEMAN,Valcheta,georef
RIO NEGRO,VALCHETA,Valcheta,georef
RIO NEGRO,VIEDMA,Adolfo Alsina,georef
RIO NEGRO,VILLA REGINA,General Roca,georef
SALTA,AGUARAY,General José de San Martín,georef
SALTA,AGUAS BLANCAS,Orán,georef
SALTA,APOLINARIO SARAVIA,Anta,georef
SALTA,CACHI,Cachi,georef
SALTA,CAFAYATE,Cafayate,georef
SALTA,CAMPO SANTO,General Güemes,georef
SALTA,CERRILLOS,Cerrillos,georef
SALTA,CHICOANA,Chicoana,georef
SALTA,CNEL. MOLDES,La Viña,georef
SALTA,EL CARRIL,Chicoana,georef
SALTA,EL GALPON,Metán,georef
SALTA,EMBARCACION,General José de San Martín,georef
SALTA,GAONA,Anta,georef
SALTA,GRAL. GUEMES,General Güemes,georef
SALTA,GRAL.MOSCONI,General José de San Martín,correccion
SALTA,JOAQUIN V. GONZALEZ,Anta,georef
SALTA,LA MERCED,Cerrillos,georef
SALTA,LAS LAJITAS,Anta,georef
SALTA,LOS ANDES,Los Andes,correccion
SALTA,METAN,Metán,georef
SALTA,ORAN,Orán,georef
SALTA,PICHANAL,Orán,georef
SALTA,POCITOS,Los Andes,georef
SALTA,ROSARIO DE LA FRONTERA,Rosario de la Frontera,georef
SALTA,ROSARIO DE LERMA,Rosario de Lerma,georef
SALTA,SALTA,Capital,georef
SALTA,SANTA ROSA,Rivadavia,georef
SALTA,TARTAGAL,General José de San Martín,georef
SALTA,VILLA SAN LORENZO,Capital,georef
SAN JUAN,9 DE JULIO,9 de Julio,georef
SAN JUAN,ALBARDON,Albardón,correccion
SAN JUAN,ANGACO,Angaco,correccion
SAN JUAN,BARREAL,Calingasta,georef
SAN JUAN,CALINGASTA,Calingasta,georef
SAN JUAN,CAUCETE,Caucete,georef
SAN JUAN,CHIMBAS,Chimbas,georef
SAN JUAN,DESAMPARADOS,Capital,georef
SAN JUAN,IGLESIA,Iglesia,georef
SAN JUAN,JACHAL,Jáchal,georef
SAN JUAN,LAS CASUARINAS,25 de Mayo,correccion
SAN JUAN,MEDIA AGUA,Sarmiento,georef
SAN JUAN,POCITOS,Pocito,correccion
SAN JUAN,RAWSON,Rawson,georef
SAN JUAN,RIVADAVIA,Rivadavia,georef
SAN JUAN,SAN JUAN,Capital,georef
SAN JUAN,SANTA LUCIA,Santa Lucía,georef
SAN JUAN,SARMIENTO,Sarmiento,correccion
SAN JUAN,VALLE FERTIL,Valle Fértil,correccion
SAN LUIS,BUENA ESPERANZA,Gobernador Dupuy,georef
SAN LUIS,CONCARAN,Chacabuco,georef
SAN LUIS,JUANA KOSLAY,Juan Martín de Pueyrredón,georef
SAN LUIS,JUSTO DARACT,General Pedernera,georef
SAN LUIS,LA TOMA,Coronel Pringles,georef
SAN LUIS,MERLO,Junín,georef
SAN LUIS,NASCHEL,Chacabuco,georef
SAN LUIS,QUINES,Ayacucho,georef
SAN LUIS,SAN LUIS,Juan Martín de Pueyrredón,georef
SAN LUIS,SANTA ROSA DE CONLARA,Junín,georef
SAN LUIS,TILISARAO,Chacabuco,georef
SAN LUIS,UNION,Gobernador Dupuy,georef
SAN LUIS,VILLA MERCEDES,General Pedernera,georef
SANTA CRUZ,28 DE NOVIEMBRE,Güer Aike,georef
SANTA CRUZ,CALETA OLIVIA,Deseado,georef
SANTA CRUZ,CAÑADON SECO,Deseado,georef
SANTA CRUZ,EL CALAFATE,Lago Argentino,georef
SANTA CRUZ,EL CHALTEN,Lago Argentino,georef
SANTA CRUZ,FIRTZ ROY,Deseado,georef
SANTA CRUZ,GDOR. GREGORES,Río Chico,georef
SANTA CRUZ,LAS HERAS,Deseado,georef
SANTA CRUZ,LOS ANTIGUOS,Lago Buenos Aires,georef
SANTA CRUZ,PERITO MORENO,Lago Buenos Aires,georef
SANTA CRUZ,PICO TRUNCADO,Deseado,georef
SANTA CRUZ,PIEDRA BUENA,Corpen Aike,correccion
SANTA CRUZ,PUERTO DE SANTA CRUZ,Corpen Aike,georef
SANTA CRUZ,PUERTO DESEADO,Deseado,georef
SANTA CRUZ,PUERTO SAN JULIAN,Magallanes,georef
SANTA CRUZ,PUERTO SANTA CRUZ,Corpen Aike,georef
SANTA CRUZ,RIO GALLEGOS,Güer Aike,georef
SANTA CRUZ,RIO TURBIO,Güer Aike,georef
SANTA CRUZ,TRES LAGOS,Lago Argentino,georef
SANTA FE,ACEBAL,Rosario,georef
SANTA FE,ALBARELLOS,Rosario,georef
SANTA FE,ALCORTA,Constitución,georef
SANTA FE,ALVAREZ,Rosario,georef
SANTA FE,ALVEAR,Rosario,georef
SANTA FE,AMENABAR,General López,georef
SANTA FE,AMSTRONG,Belgrano,georef
SANTA FE,ANGELICA,Castellanos,georef
SANTA FE,AREQUITO,Caseros,georef
SANTA FE,ARMSTRONG,Belgrano,georef
SANTA FE,AROCENA,San Jerónimo,georef
SANTA FE,ARROYO CEIBAL,General Obligado,georef
SANTA FE,ARROYO SECO,Rosario,georef
SANTA FE,ARRUFO,San Cristóbal,georef
SANTA FE,ARTEAGA,Caseros,georef
SANTA FE,ATALIVA,Castellanos,georef
SANTA FE,AVELLANEDA,General Obligado,georef
SANTA FE,BARRANCAS,San Jerónimo,georef
SANTA FE,BERABEVU,Caseros,georef
SANTA FE,BERNARDO DE IRIGOYEN,San Jerónimo,georef
SANTA FE,BIGAND,Caseros,georef
SANTA FE,BOMBAL,Constitución,georef
SANTA FE,CAFFERATA,General López,georef
SANTA FE,CALCHAQUI,Vera,georef
SANTA FE,CAPITAN BERMUDEZ,San Lorenzo,georef
SANTA FE,CARCARAÑA,San Lorenzo,georef
SANTA FE,CARLOS PELLEGRINI,San Martín,georef
SANTA FE,CARMEN DEL SAUCE,Rosario,georef
SANTA FE,CARRERAS,General López,georef
SANTA FE,CASILDA,Caseros,georef
SANTA FE,CAYASTA,Garay,georef
SANTA FE,CAÑADA DE GOMEZ,Iriondo,georef
SANTA FE,CAÑADA RICA,Constitución,georef
SANTA FE,CAÑADA ROSQUIN,San Martín,georef
SANTA FE,CENTENO,San Jerónimo,georef
SANTA FE,CERES,San Cristóbal,georef
SANTA FE,CHABAS,Caseros,georef
SANTA FE,CHAÑAR LADEADO,Caseros,georef
SANTA FE,CHOVET,General López,georef
SANTA FE,CHRISTOPHERSEN,General López,georef
SANTA FE,CLASON,Iriondo,georef
SANTA FE,CLUCELLAS,Castellanos,georef
SANTA FE,CNEL. BOGADO,Rosario,georef
SANTA FE,COLONIA ALDAO,Castellanos,correccion
SANTA FE,COLONIA BELGRANO,San Martín,georef
SANTA FE,CORONDA,San Jerónimo,georef
SANTA FE,CORREA,Iriondo,georef
SANTA FE,CURUPAYTI,San Cristóbal,georef
SANTA FE,Coronel Arnold,San Lorenzo,georef
SANTA FE,DIAZ,San Jerónimo,georef
SANTA FE,DIEGO DE ALVEAR,General López,georef
SANTA FE,EL ARAZA,General Obligado,georef
SANTA FE,EL TREBOL,San Martín,georef
SANTA FE,ELISA,Las Colonias,georef
SANTA FE,ELORTONDO,General López,georef
SANTA FE,EMPALME VILLA CONSTITUCION,Constitución,georef
SANTA FE,ESCALADA,San Justo,georef
SANTA FE,ESMERALDA,Castellanos,georef
SANTA FE,ESPERANZA,Las Colonias,georef
SANTA FE,FELICIA,Las Colonias,georef
SANTA FE,FIGHIERA,Rosario,georef
SANTA FE,FIRMAT,Constitución,georef
SANTA FE,FLORENCIA,General Obligado,georef
SANTA FE,FRANCK,Las Colonias,georef
SANTA FE,FRAY LUIS BELTRAN,San Lorenzo,georef
SANTA FE,FUENTES,San Lorenzo,georef
SANTA FE,FUNES,Rosario,georef
SANTA FE,GABOTO,San Jerónimo,georef
SANTA FE,GALVEZ,San Jerónimo,georef
SANTA FE,GDOR. BAIGORRIA,Rosario,correccion
SANTA FE,GDOR. CRESPO,San Justo,georef
SANTA FE,GODEKEN,Caseros,georef
SANTA FE,GODOY,Constitución,georef
SANTA FE,GRAL. GELLY,Constitución,georef
SANTA FE,GRAL. LAGOS,Rosario,georef
SANTA FE,GRANADERO BAIGORRIA,Rosario,georef
SANTA FE,GREGORIA PEREZ DE DENIS,9 de Julio,georef
SANTA FE,GRUTLY,Las Colonias,georef
SANTA FE,GUADALUPE NORTE,General Obligado,georef
SANTA FE,HELVECIA,Garay,georef
SANTA FE,HERSILIA,San Cristóbal,georef
SANTA FE,HUGUES,General López,georef
SANTA FE,HUMBERTO PRIMO,Castellanos,georef
SANTA FE,HUMBOLT,Las Colonias,georef
SANTA FE,J. B. MOLINA,Constitución,correccion
SANTA FE,JUNCAL,Constitución,georef
SANTA FE,LA CAROLINA,Castellanos,georef
SANTA FE,LA CRIOLLA,San Justo,georef
SANTA FE,LA SARITA,General Obligado,georef
SANTA FE,LABORDEBOY,General López,georef
SANTA FE,LAGUNA PAIVA,La Capital,georef
SANTA FE,LANDETA,San Martín,georef
SANTA FE,LANTERI,General Obligado,georef
SANTA FE,LAS GARZAS,General Obligado,georef
SANTA FE,LAS PAREJAS,Belgrano,georef
SANTA FE,LAS PETACAS,San Martín,georef
SANTA FE,LAS ROSAS,Belgrano,georef
SANTA FE,LAS TOSCAS,General Obligado,georef
SANTA FE,LEHMANN,Castellanos,georef
SANTA FE,LLAMBI CAMPBEL,La Capital,georef
SANTA FE,LOGROÑO,9 de Julio,georef
SANTA FE,LOPEZ,San Jerónimo,georef
SANTA FE,LOS CARDOS,San Martín,georef
SANTA FE,LOS MOLINOS,Caseros,georef
SANTA FE,LOS NOGALES,Caseros,georef
SANTA FE,LOS QUIRQUINCHOS,Caseros,georef
SANTA FE,MACIEL,San Jerónimo,georef
SANTA FE,MAGIOLO,General López,georef
SANTA FE,MALABRIGO,General Obligado,georef
SANTA FE,MARGARITAS,Vera,georef
SANTA FE,MARIA JUANA,Castellanos,georef
SANTA FE,MARIA SUSANA,San Martín,georef
SANTA FE,MARIA TERESA,General López,georef
SANTA FE,MATILDE,Las Colonias,georef
SANTA FE,MAXIMO PAZ,Constitución,georef
SANTA FE,MELINCUE,General López,georef
SANTA FE,MOISES VILLE,San Cristóbal,georef
SANTA FE,MONJE,San Jerónimo,georef
SANTA FE,MONTE VERA,La Capital,georef
SANTA FE,MONTES DE OCA,Belgrano,georef
SANTA FE,MURPHY,General López,georef
SANTA FE,NELSON,La Capital,georef
SANTA FE,NUEVA TORINO,Las Colonias,georef
SANTA FE,OLIVEROS,Iriondo,georef
SANTA FE,PALACIOS,San Cristóbal,georef
SANTA FE,PEREZ,Rosario,georef
SANTA FE,PEYRANO,Constitución,georef
SANTA FE,PIAMONTE,San Martín,georef
SANTA FE,PILAR,Las Colonias,georef
SANTA FE,PIÑERO,Rosario,georef
SANTA FE,POZO BORRADO,9 de Julio,georef
SANTA FE,PROGRESO,Las Colonias,georef
SANTA FE,PUEBLO ESTHER,Rosario,georef
SANTA FE,PUERTO GRAL. SAN MARTIN,San Lorenzo,georef
SANTA FE,PUJATO,San Lorenzo,georef
SANTA FE,RAFAELA,Castellanos,georef
SANTA FE,RAMAYON,San Justo,georef
SANTA FE,RAMONA,Castellanos,georef
SANTA FE,RECONQUISTA,General Obligado,georef
SANTA FE,RECREO SUR,La Capital,correccion
SANTA FE,ROLDAN,San Lorenzo,georef
SANTA FE,ROMANG,San Javier,georef
SANTA FE,ROSARIO,Rosario,georef
SANTA FE,RUEDA,Constitución,georef
SANTA FE,RUFINO,General López,georef
SANTA FE,SA PEREIRA,Las Colonias,georef
SANTA FE,SALTO GRANDE,Iriondo,georef
SANTA FE,SAN AGUSTIN,Las Colonias,georef
SANTA FE,SAN CARLOS CENTRO,Las Colonias,georef
SANTA FE,SAN CARLOS NORTE,Las Colonias,georef
SANTA FE,SAN CARLOS SUD,Las Colonias,georef
SANTA FE,SAN CRISTOBAL,San Cristóbal,georef
SANTA FE,SAN EDUARDO,General López,georef
SANTA FE,SAN GENARO,San Jerónimo,georef
SANTA FE,SAN GENARO NORTE,San Jerónimo,georef
SANTA FE,SAN GREGORIO,General López,georef
SANTA FE,SAN GUILLERMO,San Cristóbal,georef
SANTA FE,SAN JAVIER,San Javier,georef
SANTA FE,SAN JERONIMO,Las Colonias,georef
SANTA FE,SAN JORGE,San Martín,georef
SANTA FE,SAN JOSE DE LA ESQUINA,Caseros,georef
SANTA FE,SAN JOSE DEL RINCON,La Capital,georef
SANTA FE,SAN JUSTO,San Justo,georef
SANTA FE,SAN LORENZO,San Lorenzo,georef
SANTA FE,SAN MARTIN DE LAS ESCOBAS,San Martín,georef
SANTA FE,SAN VICENTE,Castellanos,georef
SANTA FE,SANCTI SPIRITU,General López,georef
SANTA FE,SANFORD,Caseros,georef
SANTA FE,SANTA CLARA DE BUENA VISTA,Las Colonias,georef
SANTA FE,SANTA CLARA DE SAGUIER,Castellanos,georef
SANTA FE,SANTA FE,La Capital,georef
SANTA FE,SANTA ISABEL,General López,georef
SANTA FE,SANTA ROSA DE CALCHIN,Garay,georef
SANTA FE,SANTA TERESA,Constitución,georef
SANTA FE,SANTI SPIRITU,General López,georef
SANTA FE,SANTO DOMINGO,Las Colonias,georef
SANTA FE,SANTO TOME,La Capital,georef
SANTA FE,SARGENTO CABRAL,Constitución,georef
SANTA FE,SARMIENTO,Las Colonias,georef
SANTA FE,SASTRE,San Martín,georef
SANTA FE,SAUCE VIEJO,La Capital,georef
SANTA FE,SERODINO,Iriondo,georef
SANTA FE,SUARDI,San Cristóbal,georef
SANTA FE,SUNCHALES,Castellanos,georef
SANTA FE,SUSANA,Castellanos,georef
SANTA FE,TACURAL,Castellanos,georef
SANTA FE,TEODELINA,General López,georef
SANTA FE,TIMBUES,San Lorenzo,georef
SANTA FE,TORTUGAS,Belgrano,georef
SANTA FE,TOSTADO,9 de Julio,georef
SANTA FE,TOTORAS,Iriondo,georef
SANTA FE,URANGA,Rosario,georef
SANTA FE,VENADO TUERTO,General López,georef
SANTA FE,VERA,Vera,georef
SANTA FE,VERA Y PINTADO,San Justo,georef
SANTA FE,VIDELA,San Justo,georef
SANTA FE,VILLA AMELIA,Rosario,georef
SANTA FE,VILLA CAÑAS,General López,georef
SANTA FE,VILLA CONSTITUCION,Constitución,georef
SANTA FE,VILLA ELOISA,Iriondo,georef
SANTA FE,VILLA GOBERNADOR GALVEZ,Rosario,georef
SANTA FE,VILLA MINETTI,9 de Julio,georef
SANTA FE,VILLA MUGUETA,San Lorenzo,georef
SANTA FE,VILLA OCAMPO,General Obligado,georef
SANTA FE,VILLA TRINIDAD,San Cristóbal,georef
SANTA FE,VILLADA,Caseros,georef
SANTA FE,WHEELWRIGHT,General López,georef
SANTA FE,ZAVALLA,Rosario,georef
SANTA FE,ZENON PEREYRA,Castellanos,georef
SANTIAGO DEL ESTERO,AÑATUYA,General Taboada,georef
SANTIAGO DEL ESTERO,BANDERA,Belgrano,georef
SANTIAGO DEL ESTERO,BELTRAN,Robles,georef
SANTIAGO DEL ESTERO,CAMPO GALLO,Alberdi,georef
SANTIAGO DEL ESTERO,CLODOMIRA,Banda,georef
SANTIAGO DEL ESTERO,COLONIA DORA,Avellaneda,georef
SANTIAGO DEL ESTERO,COLONIA EL SIMBOLAR,Robles,georef
SANTIAGO DEL ESTERO,CUATRO BOCAS,Belgrano,georef
SANTIAGO DEL ESTERO,EL ZANJON,Capital,georef
SANTIAGO DEL ESTERO,FERNANDEZ,Robles,georef
SANTIAGO DEL ESTERO,FRIAS,Choya,georef
SANTIAGO DEL ESTERO,LA BANDA,Banda,georef
SANTIAGO DEL ESTERO,LAVALLE,Guasayán,georef
SANTIAGO DEL ESTERO,LORETO,Loreto,georef
SANTIAGO DEL ESTERO,LOS JURIES,General Taboada,georef
SANTIAGO DEL ESTERO,LOS TELARES,Salavina,georef
SANTIAGO DEL ESTERO,MALBRAM,Aguirre,georef
SANTIAGO DEL ESTERO,MONTE QUEMADO,Copo,georef
SANTIAGO DEL ESTERO,NUEVA ESPERANZA,Pellegrini,georef
SANTIAGO DEL ESTERO,OJO DE AGUA,Ojo de Agua,georef
SANTIAGO DEL ESTERO,PAMPA DE LOS GUANACOS,Copo,georef
SANTIAGO DEL ESTERO,PINTO,Aguirre,georef
SANTIAGO DEL ESTERO,POZO HONDO,Jiménez,georef
SANTIAGO DEL ESTERO,QUIMILI,Moreno,georef
SANTIAGO DEL ESTERO,RIO HONDO,Río Hondo,georef
SANTIAGO DEL ESTERO,SACHAYOJ,Alberdi,georef
SANTIAGO DEL ESTERO,SANTIAGO DEL ESTERO,Capital,georef
SANTIAGO DEL ESTERO,SELVA,Rivadavia,georef
SANTIAGO DEL ESTERO,SGO. DEL ESTERO,Capital,georef
SANTIAGO DEL ESTERO,SUNCHO CORRAL,Juan Felipe Ibarra,georef
SANTIAGO DEL ESTERO,TINTINA,Moreno,georef
TIERRA DEL FUEGO,RIO GRANDE,Río Grande,georef
TIERRA DEL FUEGO,SAN SEBASTIAN,Río Grande,correccion
TIERRA DEL FUEGO,TOLHUIN,Tolhuin,georef
TIERRA DEL FUEGO,USHUAIA,Ushuaia,georef
TUCUMAN,AGUILARES,Río Chico,georef
TUCUMAN,ALBERDI,Juan Bautista Alberdi,georef
TUCUMAN,ALDERETES,Cruz Alta,georef
TUCUMAN,AMAICHA DEL VALLE,Tafí del Valle,georef
TUCUMAN,BANDA DEL RIO SALI,Cruz Alta,georef
TUCUMAN,BELLA VISTA,Leales,georef
TUCUMAN,BENJAMIN PAZ,Trancas,georef
TUCUMAN,BURRUYACU,Burruyacú,georef
TUCUMAN,CEVIL POZO,Cruz Alta,correccion
TUCUMAN,CONCEPCION,Chicligasta,georef
TUCUMAN,FAMAILLA,Famaillá,georef
TUCUMAN,GRANEROS,Graneros,georef
TUCUMAN,LA COCHA,La Cocha,georef
TUCUMAN,LA FLORIDA,Cruz Alta,georef
TUCUMAN,LAS CEJAS,Cruz Alta,georef
TUCUMAN,LAS TALITAS,Tafí Viejo,georef
TUCUMAN,LEALES,Leales,georef
TUCUMAN,LOS GUTIERREZ,Cruz Alta,georef
TUCUMAN,LOS NOGALES,Tafí Viejo,georef
TUCUMAN,LOS PORCELES,Cruz Alta,correccion
TUCUMAN,LOS RALOS,Cruz Alta,georef
TUCUMAN,LULES,Lules,georef
TUCUMAN,MACOMITAS,Burruyacú,georef
TUCUMAN,MONTEROS,Monteros,georef
TUCUMAN,RANCHILLOS,Cruz Alta,georef
TUCUMAN,RIO CHICO,Río Chico,georef
TUCUMAN,RIO SECO,Monteros,georef
TUCUMAN,S.M. DE TUCUMAN,Capital,georef
TUCUMAN,SAN ANDRES,Cruz Alta,georef
TUCUMAN,SAN MIGUEL DE TUCUMAN,Capital,georef
TUCUMAN,SAN PABLO,Lules,georef
TUCUMAN,SAN PEDRO DE COLALAO,Trancas,georef
TUCUMAN,SIMOCA,Simoca,georef
TUCUMAN,TAFI DEL VALLE,Tafí del Valle,georef
TUCUMAN,TAFI VIEJO,Tafí Viejo,georef
TUCUMAN,TAPIA,Trancas,georef
TUCUMAN,TRANCAS,Trancas,georef
TUCUMAN,YERBA BUENA,Yerba Buena,georef
